{
    "mrr": 0.31688706054704474,
    "map": 0.14221681195895453,
    "rprecision": 0.15583571466260854,
    "recall@5": 0.10740248576082566,
    "recall@10": 0.19223392839876957,
    "recall@20": 0.24958547611755352,
    "recall@50": 0.3600593933743643,
    "recall@100": 0.42608676942778223,
    "hit@1": 0.20987654320987653,
    "hit@3": 0.37037037037037035,
    "hit@5": 0.43209876543209874,
    "hit@10": 0.5308641975308642,
    "hit@20": 0.6049382716049383,
    "hit@50": 0.7160493827160493
}