{
    "mrr": 0.35961771576265944,
    "map": 0.18135609911059788,
    "rprecision": 0.1756643179666113,
    "recall@5": 0.1669839945288352,
    "recall@10": 0.21094433685051805,
    "recall@20": 0.27434806277354556,
    "recall@50": 0.3692240250745305,
    "recall@100": 0.44988801518892063,
    "hit@1": 0.25925925925925924,
    "hit@3": 0.4074074074074074,
    "hit@5": 0.48148148148148145,
    "hit@10": 0.5555555555555556,
    "hit@20": 0.5925925925925926,
    "hit@50": 0.7160493827160493
}