{
    "mrr": 0.37090655471412626,
    "map": 0.16019445493730242,
    "rprecision": 0.15676982659432623,
    "recall@5": 0.16590386182989603,
    "recall@10": 0.21277842686776025,
    "recall@20": 0.263184568097378,
    "recall@50": 0.334175923264321,
    "recall@100": 0.4044265240706779,
    "hit@1": 0.2716049382716049,
    "hit@3": 0.43209876543209874,
    "hit@5": 0.48148148148148145,
    "hit@10": 0.5432098765432098,
    "hit@20": 0.5802469135802469,
    "hit@50": 0.6666666666666666
}