{
    "mrr": 0.3579603353928501,
    "map": 0.15111909242137914,
    "rprecision": 0.15691916929718888,
    "recall@5": 0.1375492864092927,
    "recall@10": 0.1754268127505058,
    "recall@20": 0.22866507026332397,
    "recall@50": 0.3224997340046145,
    "recall@100": 0.3933138024567822,
    "hit@1": 0.2716049382716049,
    "hit@3": 0.41975308641975306,
    "hit@5": 0.4444444444444444,
    "hit@10": 0.5061728395061729,
    "hit@20": 0.5925925925925926,
    "hit@50": 0.7037037037037037
}