{
    "mrr": 0.37451063250919975,
    "map": 0.17366173849518277,
    "rprecision": 0.1840397748452278,
    "recall@5": 0.15737161858950133,
    "recall@10": 0.1982335395835064,
    "recall@20": 0.25285557427524047,
    "recall@50": 0.36007555287883236,
    "recall@100": 0.45272957869333985,
    "hit@1": 0.24691358024691357,
    "hit@3": 0.4444444444444444,
    "hit@5": 0.5185185185185185,
    "hit@10": 0.5802469135802469,
    "hit@20": 0.6172839506172839,
    "hit@50": 0.7407407407407407
}