{
    "mrr": 0.361847908595995,
    "map": 0.1725418636544031,
    "rprecision": 0.16865621070251052,
    "recall@5": 0.16777575416145502,
    "recall@10": 0.23313185147205254,
    "recall@20": 0.28817552238426825,
    "recall@50": 0.35138796566537134,
    "recall@100": 0.44928121592067644,
    "hit@1": 0.2222222222222222,
    "hit@3": 0.4567901234567901,
    "hit@5": 0.5432098765432098,
    "hit@10": 0.6172839506172839,
    "hit@20": 0.6666666666666666,
    "hit@50": 0.7283950617283951
}