{
    "mrr": 0.3566219636879205,
    "map": 0.16755822540366166,
    "rprecision": 0.17636545549756216,
    "recall@5": 0.14483328253306724,
    "recall@10": 0.19368432802550586,
    "recall@20": 0.2495650961926138,
    "recall@50": 0.3296262999582622,
    "recall@100": 0.42707511097376727,
    "hit@1": 0.2222222222222222,
    "hit@3": 0.4444444444444444,
    "hit@5": 0.5308641975308642,
    "hit@10": 0.5679012345679012,
    "hit@20": 0.654320987654321,
    "hit@50": 0.691358024691358
}