{
    "mrr": 0.3201877794002067,
    "map": 0.3201877794002067,
    "rprecision": 0.21621621621621623,
    "recall@5": 0.43243243243243246,
    "recall@10": 0.4864864864864865,
    "recall@20": 0.5135135135135135,
    "recall@50": 0.6486486486486487,
    "recall@100": 0.7567567567567568,
    "hit@1": 0.21621621621621623,
    "hit@3": 0.3783783783783784,
    "hit@5": 0.43243243243243246,
    "hit@10": 0.4864864864864865,
    "hit@20": 0.5135135135135135,
    "hit@50": 0.6486486486486487
}