{
    "mrr": 0.5823320864723632,
    "map": 0.33934314122153336,
    "rprecision": 0.3267046988972432,
    "recall@5": 0.30934568236755966,
    "recall@10": 0.3764402726245532,
    "recall@20": 0.4443962419784249,
    "recall@50": 0.5458580827176734,
    "recall@100": 0.6277707886994703,
    "hit@1": 0.4747252747252747,
    "hit@3": 0.6604395604395604,
    "hit@5": 0.7153846153846154,
    "hit@10": 0.7879120879120879,
    "hit@20": 0.8428571428571429,
    "hit@50": 0.8978021978021978
}