{
    "mrr": 0.32603875273562266,
    "map": 0.14364562050778984,
    "rprecision": 0.15497935504687052,
    "recall@5": 0.13110660280986333,
    "recall@10": 0.1861556670456021,
    "recall@20": 0.22233708208587802,
    "recall@50": 0.3167327294862013,
    "recall@100": 0.3886129276390061,
    "hit@1": 0.2222222222222222,
    "hit@3": 0.37037037037037035,
    "hit@5": 0.4444444444444444,
    "hit@10": 0.5308641975308642,
    "hit@20": 0.5679012345679012,
    "hit@50": 0.6419753086419753
}