{
    "mrr": 0.5629065322912663,
    "map": 0.26050721188538206,
    "rprecision": 0.26727775011211635,
    "recall@5": 0.2405074505880475,
    "recall@10": 0.2989328626729548,
    "recall@20": 0.36020124308764934,
    "recall@50": 0.4753814008831978,
    "recall@100": 0.5534138189256191,
    "hit@1": 0.45,
    "hit@3": 0.62,
    "hit@5": 0.71,
    "hit@10": 0.81,
    "hit@20": 0.84,
    "hit@50": 0.91
}