{
    "mrr": 0.3739749878285213,
    "map": 0.18368484438397803,
    "rprecision": 0.17856392225273598,
    "recall@5": 0.16974464332523906,
    "recall@10": 0.2200291567010644,
    "recall@20": 0.2903888037911168,
    "recall@50": 0.38117945486288746,
    "recall@100": 0.48222841570774716,
    "hit@1": 0.25925925925925924,
    "hit@3": 0.4444444444444444,
    "hit@5": 0.5185185185185185,
    "hit@10": 0.5679012345679012,
    "hit@20": 0.6296296296296297,
    "hit@50": 0.7530864197530864
}