{
    "mrr": 0.3830893123524127,
    "map": 0.17873123948416175,
    "rprecision": 0.18007044545892212,
    "recall@5": 0.17037320953368404,
    "recall@10": 0.2206730933652984,
    "recall@20": 0.305165903320835,
    "recall@50": 0.3576682089931435,
    "recall@100": 0.43992183287340547,
    "hit@1": 0.2716049382716049,
    "hit@3": 0.43209876543209874,
    "hit@5": 0.5308641975308642,
    "hit@10": 0.6172839506172839,
    "hit@20": 0.6666666666666666,
    "hit@50": 0.7037037037037037
}