{
    "mrr": 0.33760411131998963,
    "map": 0.16705917651411734,
    "rprecision": 0.18646079996301804,
    "recall@5": 0.13366494072532212,
    "recall@10": 0.20261601744978516,
    "recall@20": 0.2620525557294856,
    "recall@50": 0.36204339067141217,
    "recall@100": 0.4387503889515812,
    "hit@1": 0.2345679012345679,
    "hit@3": 0.3950617283950617,
    "hit@5": 0.43209876543209874,
    "hit@10": 0.5308641975308642,
    "hit@20": 0.6049382716049383,
    "hit@50": 0.7530864197530864
}