{
    "mrr": 0.3543855186870354,
    "map": 0.3543855186870354,
    "rprecision": 0.2702702702702703,
    "recall@5": 0.4594594594594595,
    "recall@10": 0.4594594594594595,
    "recall@20": 0.5405405405405406,
    "recall@50": 0.6486486486486487,
    "recall@100": 0.7567567567567568,
    "hit@1": 0.2702702702702703,
    "hit@3": 0.3783783783783784,
    "hit@5": 0.4594594594594595,
    "hit@10": 0.4594594594594595,
    "hit@20": 0.5405405405405406,
    "hit@50": 0.6486486486486487
}